shorturl,qrcode,date,clicks,uniqueclicks,longurl,GEO TARGETED,alias,collections,pixels,title,description
https://go.gramflow.link/CelesteMarlowe,https://go.gramflow.link/CelesteMarlowe/qr,3/8/2026 11:31,0,0,https://link.me/celeste.marlowe,https://t.me/+v18hrJNaFUg2MzNh,CelesteMarlowe,Telegram,,Telegram: Join Group Chat,Celeste Marlowe
https://go.gramflow.link/OliviaBerg,https://go.gramflow.link/OliviaBerg/qr,3/8/2026 11:05,0,0,https://link.me/oliviaberg,https://t.me/+HtyuaXP6f3tiNGUx,OliviaBerg,Telegram,,Telegram: Join Group Chat,Olivia Berg
https://go.gramflow.link/SelmaYensen,https://go.gramflow.link/SelmaYensen/qr,3/8/2026 10:57,0,0,https://link.me/selmayensen,https://t.me/+0hC64baBIsI2ZjE5,SelmaYensen,Telegram,,Telegram: Join Group Chat,Selma Yensen
https://go.gramflow.link/AnaBubois,https://go.gramflow.link/AnaBubois/qr,3/8/2026 10:32,0,0,https://link.me/anadubois,https://t.me/+iphGpjBkRJwyYmEx,AnaBubois,Telegram,,Telegram: Join Group Chat,Ana Dubois
https://go.gramflow.link/MiraDubois,https://go.gramflow.link/MiraDubois/qr,3/8/2026 10:20,0,0,https://link.me/miradubois,https://t.me/+dxRFsXJaK083ZWQx,MiraDubois,Telegram,,Telegram: Join Group Chat,
https://go.gramflow.link/HottyGrace,https://go.gramflow.link/HottyGrace/qr,3/8/2026 10:07,1,1,https://link.me/graceromano,https://t.me/+9Iuycuw43jtlZjcx,HottyGrace,Telegram,,Telegram: Join Group Chat,Hotty Grace
https://go.gramflow.link/LunaCosta,https://go.gramflow.link/LunaCosta/qr,3/8/2026 9:52,0,0,https://link.me/mialunacosta,https://t.me/+fdYqSswi50w5YjQx,LunaCosta,Telegram,,Telegram: Join Group Chat,Luna Costa
https://go.gramflow.link/LeahRossi,https://go.gramflow.link/LeahRossi/qr,3/8/2026 9:29,0,0,https://link.me/leahrossi,https://t.me/+kaO41_LSz_82MjNh,LeahRossi,Telegram,,Telegram: Join Group Chat,Leah Rossi
https://go.gramflow.link/LilyFischer,https://go.gramflow.link/LilyFischer/qr,3/8/2026 8:46,0,0,https://link.me/lilyfischer,https://t.me/+W4KRJ2j8-4phNGFh,LilyFischer,Telegram,,Telegram: Join Group Chat,Lily Fischer
https://go.gramflow.link/yukikimura,https://go.gramflow.link/yukikimura/qr,3/8/2026 8:02,0,0,https://link.me/yukikimura_usa,https://t.me/+TFhcm0lluy82NDkx,yukikimura,Telegram,,Telegram: Join Group Chat,Yuki Kimura
https://go.gramflow.link/zoenovakga,https://go.gramflow.link/zoenovakga/qr,3/8/2026 7:39,0,0,https://link.me/zoe.novak.ga,https://t.me/+PGChdD4vTWhlMGZh,zoenovakga,Telegram,,Telegram: Join Group Chat,
https://go.gramflow.link/opheliavoss,https://go.gramflow.link/opheliavoss/qr,3/8/2026 7:20,3,2,https://link.me/opheliavoss,https://t.me/+qQqjDBCbwTQ2NDRh,opheliavoss,Telegram,,Telegram: Join Group Chat,
https://go.gramflow.link/zoey-hunter-kpop,https://go.gramflow.link/zoey-hunter-kpop/qr,3/8/2026 6:53,1,1,https://link.me/zoey.hunter.kpop,https://t.me/zoey_hunter_kpop?direct,zoey-hunter-kpop,Telegram,,Telegram: View @zoey_hunter_kpop,
https://go.gramflow.link/hell.yeah.please,https://go.gramflow.link/hell.yeah.please/qr,3/8/2026 5:49,10,10,https://link.me/hell.yeah.please,https://t.me/+ehKVGwM5y75jYTg5,hell.yeah.please,Fanvue,,Telegram: View @zoey_hunter_kpop,Hillary Soto - HellYeahPlease
,,,,,,,,,,,
,,,,,,,,,,,
